message,label
hello there,router
hi,router
how are you,router
who are you,router
help me,router
what can you do,router
good morning,router
thanks,router
bye,router
explain this code,query
how does the auth middleware work,query
where is the user model defined,query
find all references to User,query
what is the project structure,query
show me the main function,query
list all controllers,query
how do I run tests,query
where are the templates stored,query
implement a new login feature,editor
create a user controller,editor
add a new endpoint for search,editor
fix the bug in the payment service,editor
refactor the logging module,editor
write a test for the auth service,editor
update the readme,editor
delete the old migration file,editor
change the button color to red,editor
optimize the database query,editor
research best practices for go error handling,research
how to implement oauth2 in go,research
what is the difference between grpc and rest,research
search for libraries for pdf generation,research
find documentation on gin framework,research
compare postgres and mysql,research
latest features of go 1.22,research
how to deploy to aws lambda,research
review this pull request,review
check for security vulnerabilities,review
analyze the code quality,review
audit the dependencies,review
is this code safe,review
look for bugs in main.go,review
review my changes,review
critique this function,review
can you check for memory leaks,review
create a new file called utils.go,editor
remove the unused import,editor
rename the variable x to total,editor
extract this block into a function,editor
add error handling here,editor
explain the difference between map and slice,research
what is dependency injection,research
how to use docker compose,research
search for react tutorials,research
where is the config file,query
show me the database schema,query
list all public functions,query
who calls this function,query
explain the logic in auth.go,query
hello,router
greetings,router
status,router
system check,router
what time is it,router
good afternoon,router
hey there,router
sup,router
thank you,router
appreciate it,router
got it,router
ok,router
sure,router
alright,router
ping,router
test,router
check if you're working,router
are you alive,router
version,router
info,router
find the config loader,query
where is the error handler,query
show me the router logic,query
what files import database,query
which functions call GetUser,query
list all routes,query
find all TODOs in the code,query
show the User struct definition,query
what's in the utils package,query
where is the middleware defined,query
find all test files,query
show me recent changes,query
what files did I modify,query
explain how the cache works,query
what does this function return,query
how many lines in main.go,query
where is CreateUser called,query
list all exported functions,query
what's the database connection string,query
show me the git history,query
add a new user model,editor
create CRUD endpoints for products,editor
implement JWT authentication,editor
fix null pointer panic,editor
update dependencies,editor
migrate to new API version,editor
add logging to all handlers,editor
refactor database connection,editor
write tests for payment service,editor
add validation to email field,editor
optimize slow query,editor
remove deprecated code,editor
add pagination support,editor
implement caching layer,editor
create migration for users table,editor
add env variable for timeout,editor
fix CORS headers,editor
update API documentation,editor
add health check endpoint,editor
implement rate limiting,editor
add database index,editor
create docker config,editor
setup CI pipeline,editor
add feature flag,editor
implement soft delete,editor
add batch processing,editor
create admin panel,editor
add export to CSV,editor
implement websocket handler,editor
setup nginx config,editor
how to structure a go project,research
best practices for error handling,research
compare gin vs echo,research
find libraries for image processing,research
how to implement rate limiting,research
what is the best way to handle passwords,research
research grpc vs rest performance,research
find examples of clean architecture,research
how to test http handlers in go,research
best way to manage migrations,research
how to handle concurrent requests,research
what are go generics,research
search for oauth2 libraries,research
compare redis vs memcached,research
how to profile go applications,research
find documentation on cobra,research
what is context in go,research
how to deploy go apps,research
research kubernetes best practices,research
find tutorial on websockets,research
what are the latest go features,research
how to implement graceful shutdown,research
research message queue options,research
find benchmarks for databases,research
how to handle file uploads,research
what is idempotency,research
research api versioning strategies,research
find examples of event sourcing,research
how to implement search,research
what is circuit breaker pattern,research
review the authentication code,review
check for race conditions,review
analyze performance bottlenecks,review
audit api endpoints,review
check for SQL injection,review
review error handling,review
look for code smells,review
check test coverage,review
review the database schema,review
analyze memory usage,review
check for goroutine leaks,review
review security headers,review
audit logging practices,review
check for hardcoded secrets,review
review API response structure,review
analyze query performance,review
check for unused code,review
review naming conventions,review
audit dependency versions,review
check for proper error messages,review
review validation logic,review
analyze code complexity,review
check for missing tests,review
review documentation,review
"audit configuration management",review
"run git diff",query
"execute git diff and analyze changes",query
"analyze git diff",query
"generate commit message from diff",query
"create commit message",query
"run git status",query
"check git log",query
"show git history",query
"display git diff",query
"execute ls command",query
"run make test",query
"execute docker ps",query
"run npm install",query
"check system status",query
"run tests",query
"execute command and see output",query
"run shell command",query
display all the html files in the current folder that have not been modified in the last 7*24 horus,query
Execute awk script script.awk with 2 arguments both file.txt and format the output as a table,query
Change permissions of mksdcard to 755,editor
search for all png files in a folder and copy them to another folder,editor
Force create a symbolic link named currentDir to newDir without dereferencing currentDir,editor
find files modified between 6 and 9 minutes ago,query
find all regular files under current directory tree and replace all 1.2.3.4 with 5.6.7.8 in these files modiying the files in-place,editor
find all *fink* files/directories in entire file system,query
search all undo files(ending with .undo) in the current folder and calculate the total size of them,query
Displays what package provides value zsh.,query
find all the directories in the entire file system whose size is greater than 50KB,query
search for all tif images in current folder,query
Search the files from the current directory tree for chrome,query
Delete all the files found in the current directory tree whose names begin with heapdump,editor
Write ee to standard output of the current terminal and as input to command foo,editor
"Put the output of tty into a variable, then searches the output of who for TTY with /dev/ removed and saves it to WHOLINE",query
Changes group ownership of myprog to groupb.,query
Change the permission to 0644 for all files under current directory,editor
display all symlinks and their targets in the current directory,query
find all regular files in the current directory tree whose names end with .DS_Store and delete them,editor
find all xml files under current directory and archive them to .bz2 archives,query
Search all *.c files from the current directory tree for hogehoge,query
change the permissions of all the regular/normal files to 664 in the current folder,editor
Change permissions to 644 for all regular files under the /path/to/dir/ tree unless these permissions are already set,editor
"Set variable value to current kernel release name, making this variable visible by subprocesses of current shell.",editor
find all files/directories named modules under current directory,query
get year-month-day hour:minute:second from date,query
"display the html, javascript and text files in the current folder (print0 is used to preserve the filenames of all the files which have newlines in their names)",query
find all the text files in current folder and change the extension of these files and move them to another folder,editor
Search the file system for regular files whose names are shorter than 25 characters,query
Prints the length and contents of the longest line in filename,query
find all regular files that reside in the current directory tree and were last modified at least 1 day ago,query
Remove all *.txt files under the given directory modified more than 5 minutes ago,editor
Wrap each line in file.txt to fit in 76 characters breaking only at spaces and indent the output,query
Format the output of rub-script.rb as a tab separated table,query
Append & Bytes to the end of every line in $TEMPFILE and format the result as a table,editor
set alias current for command cd $(cur -g),query
find all directories under current directory and run a command changing into every directory/sub-directory,query
find all the php files in the current folder,query
Read 10 bytes from $0 and print them by replacing the set \000-\377 with #,query
Move all *.emlx files/directories under /path/to/folders/ to ./Messages/ directory,editor
Format the date represented by time string @1267619929 according to default format and print it,query
"find all directories recursively starting from / and skipping the contents of /proc/, and count them",query
find all or single file called tecmint.txt under the / directory of owner root,query
"show processes for all users, their user/owner, and those not attached to a terminal",query
"Merge colon-separated information from standard input and file1.txt where the first field of both files matches, print unpairable lines from standard input, replace missing fields with no-match, and output the second field from standard input and the second and third field from file1.txt",editor
Displays line count in filename every 2 seconds.,query
display a long listing of all the regular files owned by the user bluher in the entire filesystem,query
Print list of bash command aliases.,query
"display kernel name, release, and version.",query
"Print a colon-separated list of all directories from the ~/code directory tree, except hidden ones",query
Move all regular files under current directory to ./newdir,editor
convert all the regular/normal files in the current folder from dos to unix format,query
find the file whose inode number is 1316256,query
Convert Unix `cal` output to latex table code.,query
remove all the files in the current working directory which have a specifc inode number,editor
"Remove files from the file system that are owned by nobody, asking the user before each removal",editor
Search the current directory tree for PHP files changed less than 14 days ago,query
find all *.* directories under /home/feeds/data directory,query
Print lines 10000 to 10010 from input seq 1 100000,query
Delete all .svn files/directories under current directory,editor
Send SIGTERM signal to entire process tree starting from ID 24901 and below.,query
Installs package nodejs answering yes on all questions.,query
display all the configuration files in the current folder which are in the current tree structure,query
display a long listing of all the files in the home folder which are bigger than 200MB,query
Print a list of regular files from directory tree sort_test/ sorted with LC_COLLATE=C,query
"Takes folder name of file $0, changes backslashes to forward ones and saves result in $basedir variable.",query
find all files/directoires that were modified more than 3 days ago under $dir directory tree,query
find dirctory files which modification time is  7 days ago,query
Create a tar archive of files from directory tree data,editor
Copies all files like lib*.so to ~/usr/gtest/lib/ directory.,query
find all files in home folder which have been modified after a timestamp,query
find all the files in entire file system  which are accessed 50 days back,query
"Go to directory specified by variable somedir, but replacing leading ~ character by actual home directory.",query
Delete all contents form the files that contain the case insensitive regex stringtofind in maximum 1 level down the / directory excluding other partitions,editor
"find all your jsp's, map them to your localhost webserver, and invoke a wget (fetch) on them",query
display the sizes and filepaths of all files/directories sorted in ascending order of size,query
Print list of disk and mountpoint of disks matching /dev/sd* into mount_point as a background task,query
Format the filename and modification time of files starting with t as a table on OSX,query
Remove all files in and below the current directory whose names begin with not,editor
display all the files in the entire file system which begin with apache-tomcat,query
Print all directories under $root appending a : (colon) at the end of each path without descending into directories matching the pattern .[a-z]*,query
find all empty directories recursively starting from the current one and delete them,editor
Print content of all files ending with *.foo under the current directory,query
Print -exec is an action so an implicit -print is not applied for every file/directory found by the name file under current directory tree,query
find all files/directories under current directory with the null character as the delimiter,query
find all readable files,query
find the total size of *.jpg files within the current directory tree,query
find all the text files in the current folder,query
find all the files in the current folder which are smaller than 9MB,query
display the contents of all the regular files in the current folder and save the output to out.txt,query
Create hard links of all files and directories matching test/icecream/cupcake/* or test/mtndew/livewire/* in test-keep preserving directory hierarchy,editor
create directory .hiddendir,editor
display all the files in the current folder which have been modified in the last 5*24 hours,query
find all files in the current directory tree named FILES.EXT,query
Search the current directory recursively for files writable for `others',query
remove all the core files in the current folder which have not been changed in the last 4 days.,editor
find files matching the regex myregex in their contents and append the list of these files to outfile.txt,editor
find all empty files starting from the current directory and delete them,editor
Remove the 123_ prefix from all filenames of .txt files in current directory.,editor
"Print lines of file reverted order, and reverted characterwise",query
Finds binaries names in a list of running processes and prints containing folder of each binary.,query
display all the jpg files in the current folder which belong to the user nobody,query
find all the files in the folder myfiles which have not been accessed in the last 30 days,query
Set prompt to the system host name and history number,query
find all regular files or symlinks in the entire file system,query
"find all the files in the current folder which have been modified in the last 60 minutes, which are atleast 1 level deep and display a long listing of these files",query
Locate all files in the current directory and below that have testfile in their names,query
unsafed rm all file which name start with #,query
Count the number of .gz files in directory tree /home/user1/data1/2012/mainDir,query
find all the files on the system that have been changed within the last hour,query
Changes group ownership of target_directory to target_group.,query
List files larger than 10MB under /var/log,query
Print the list of files in the current directory tree skipping Git files,query
find writable files in the current directory tree,query
Create a named screen session,editor
find all files/directories with .o extension under /lib/modules directory tree,query
Shows status of a shell option dotglob.,query
list all files in /home/bozo/projects directory tree that were modified within the last day,query
List files in dir1 that are not in dir2,query
find all files/directories with space in their names under current directory and rename them by replacing all spaces with _,editor
"find C, C++ source and header files in current folder and create etags for them",editor
Save the name and first line of each .txt file found in the home directory tree to `report.txt',query
Print the first 10 files or directories found in the current directory tree by `find',query
"display all the regular/normal files in the folder /path/ which have not been modified today ( from day start ie, 00:00 )",query
Remove everything in a current folder prompting user on each action.,editor
find all .php files starting from the root directory and ignoring /media,query
find the first file/directory in ... directory and quit,query
find all *fink* files/directories in entire file system,query
find files on the system that are bigger than 20 megabytes,query
search for all the files in the folder /usr/bin which have not been accessed in the last 100*24 hours,query
Sets extglob shell option.,query
"Search the current directory tree for files matching sed regular expression .*myfile[0-9]\{1,2\}",query
"find string STRING in files residing in the current directory tree, case insensitive",query
search for all the symbolic links in a folder and delete them,editor
Update the archive 2009.tar with the files from the data/ directory tree that match pattern filepattern-*2009*,editor
"Read yesterdays date with format %a %d/%m/%Y into variable dt"" in a subshell",query
Unzip and expand tar archive compressFileName,query
Print the line number of each matching <phrase> in <filename>,query
Print a listing of the /usr/local/etc/rc.d directory tree,query
find all regular files named postgis-2.0.0 under your home directory,query
find all *.xml files under current directory,query
Search directory tree `MyApp.app for directories whose name is Headers' and delete them,editor
Save full path of command cat to variable CAT,query
Disables shell option dotglob.,query
search for the word hello in all the text files in the temp folder and delete them,editor
Copy /new/x/y/z/ over the network to user@remote:/pre_existing/dir/ preserving the directory hierarchy,editor
Execute tail file | grep pattern every 2 seconds,query
find all directories in directory tree `httpdocs',query
display all text files in the folder /user/directory which have been modified in today,query
find all directories under current directory and set their permission to 755,editor
find all the files in the /usr folder which have modification date less than or equal to the file /FirstFile,query
"Puts working directory into clipboard, stripping newlines",query
change owner and group of the all files with group owner vboxusers into home directory to user and group kent,editor
"Counts the number of lines in each *.swift or *.mm file in a git repository, escaping any space in filename.",query
Print output of script -c ./a /dev/null to standard output and output.txt,query
Print number of bytes in $file.,query
calculate the total size of jpg files in current folder,query
Removes empty folder symlink.,query
Search the /mnt/raid/upload directory tree for files that have not been modified within the last 5 days,query
find files with extension .conf in the /etc directory tree,query
"Send one ping request to host whose name or IP address is specified by variable ip, using network interface eth9.",query
Archive all filepattern-*2009* files/directories under data/ into 2009.tar,query
find all the files in current folder which have spaces and save the long listing of these files to log file before deleting them,query
list files in /usr modified after the time which /tmp/stamp$$ modified,query
Extract any line in file1.txt which does not appear as the first ; delimited entry in file2.txt,editor
find all the files in the current directory which start with t and have been modified between one hour (60 minutes) and 12 hours (720 minutes) ago.,query
Search the current directory tree for all regular files matching pattern *.rb,query
search for the directory with the name aa in the current folder,query
find the total size of *.jpg files within the current directory tree,query
update the permission of all the php files in current directory and save the output to a file,editor
display all the regular files in the current folder and do not search in sub folders,query
Move all *.data files/directories in $S directory to $S/data/ directory,editor
Execute commands from $file in the current shell.,query
Instantly kill all processes whose command is myprocess.,query
"Recursively copies everything from /source/path/* to the /destination/path/, preserving from overwriting existing files, and printing info message on each operation.",query
find all directories under /path/to/base/dir and change their permission to 755,editor
Remove all files in the ~/backups/mydatabasename directory recursively that were last modified more than 30 days ago,editor
"Add new. to the beginning of the name of original.filename, renaming it to new.original.filename.",editor
"list txt files older than 5 days or html files of any age, null separated",query
list all samba files in /var/l* directory ( /var/lib or /var/log ),query
"find target.txt files in the /base/path/of/proj/d‌​ata directory tree and pass them as arguments to simpleGrepScript.sh, saving the output as overallenergy.out",query
Save the user name of the current user to variable me,query
set alisa py for command $EDITOR,query
find all files that belong to group root,query
Search all the regular files in the current directory for example,query
Exclude directory from find . command,query
display all normal/regular files or directories in the folder $ORIG_DIR,query
List all *fink* files/directories under current directory,query
display all the hidden files in the folder /home,query
create directories bravo_dir and alpha_dir,editor
find all files/directories named modules under current directory and list them twice,query
Print file extension assuming there is only one dot in the file name.,query
show all files in the current directory and all subdirectories,query
find all directories under path_to_dir directory,query
"Search the current directory tree for files whose name is .note, case insensitive",query
Search the /root directory recursively for the regular file named myfile,query
"display process information once, adding __CUSTOM_LINE_MARKER at the end of each line.",query
"change the group to new_group and permissions to 770 for all the files in the current folder, $0 is the input to the sub shell i.e, the name of the file",editor
Locate all `readme.txt' files under the home directory,query
Run the command true with an empty environment variable doFirst,query
calculate the md5sum of the executable file of command c++,query
Execute script your_command_here passing all regular files from directory tree /target/path as arguments to it,query
Print a sorted list of all .jpg files in the current directory and below,query
"List all files/directories under current directory with their inode numbers, disk space, permission, number of hard links, user name, group name, size, status change time in Y-m-d format and name filed,  then write the outptut to /tmp/files.txt",editor
find every vim undo file in the current directory tree,query
Count the number of lines in all files in the xargstest/ directory tree that match pattern file??,query
find files and directories with group id 1003,query
Shuffles strings of text received by awk command on the input.,query
Delete all .svn files/directories under current directory,editor
Delete all matches to the regex ^.*iframe bla bla bla.*$ in all the php files under current directory tree and modify the files in-place,editor
return every file that does not have bar somewhere in its full pathname,query
Run otherscript.sh script with all environment variables specified in the file xxxx,query
Create a symolic link in /usr/local/ to /Applications/Sublime\ Text.app/Contents/SharedSupport/bin/subl,editor
set alias mycd for command cd `echo $1`,query
"Search the current directory for files whose names start with messages. ignoring SVN, GIT, and .anythingElseIwannaIgnore files",query
split file data.csv into pieces per 100 lines named with additional suffix .csv,query
find all *.cgi (case insensitive) files/directories under current directory and change their permission to 755,editor
find all *.jpg (case insensitive) files under current directory,query
find all files beneath the current directory that begin with the letters Foo and delete them.,editor
Replace all newlines from standard input except the last with spaces,editor
Searches for something in a large file and prints the matching line,query
find all file.ext files/directories under /home/kibab directory and print . for each of them,query
find the first file/directory under current directory and quit,query
Search the .log files in the current directory tree for string The SAS System,query
create a symbolic link in current directory named environments to file ../config/environments,editor
Read a line from standard input in an interactive shell with prompt in variable myprompt interpreted as PS1 is interpreted,query
find all files/directories with 755 permission under current directory tree,editor
Search the current directory tree for files named Subscription.java,query
search for the word slrn in all the files in the current folder,query
remove all the files with the name Trash in the folder /home,editor
find all the files in the home folder which have not been modified in the last 1 year.,query
find all files/directories that start with screen (case insensitive) in their names under user's home directory tree and show them by paging through one screenful at a time,query
find the regular js files which path does not contains */test/*  and name does not contains *-min-* or *console*,query
List and remove all regular files named core under /prog that are larger than 500k,editor
Print the last line of $file1 to the console and append to $file2,editor
find all symbolic links in the current folder,query
Print every 4th line from 10 lines of y with line numbers,query
Recursively finds all *.dbf files from the root folder and prints list of folders with such files.,query
"Search for all the directories named m? under current directory tree, add the extension .mbox to all, create a Messages directories inside them and move all files with .emlx extension to Messages directory",editor
Remove all directories called test from the /path/to/dir directory tree,editor
find .log files in the /var/log directory tree and copy them to a bzip2 archive,editor
find files that are writable by both the “other” and the group,query
find all regular files with space in their names under current directory and rename them by replacing all spaces with _,editor
Counts total line number of all *.php file in a current folder and subfolders.,query
Mount ext4 filesystem /dev/xvdf on /vol,query
Change all directories under ./bootstrap/cache/ to owner apache and group laravel,editor
View history using more,query
Send two ping requests to www.google.com,query
find all the files which are modified 50 days back,query
View history using vim in read only mode,query
find all regular files starting from the current directory,query
Append history lines from this session to the history list,editor
Create directorie(s) some/path as required in the current directory,editor
find files with the extension .conf in the /etc directory,query
display all the files having spaces in the current folder,query
Count the number of the regular files residing under and below ./randfiles/,query
find all the files named vimrc anywhere on the system,query
Create a symbolic link in target directory $tmpdir for each file under the current directory,editor
Change user ownership to `foo' for files with UID=1005,editor
Make directories es/LC_MESSAGES as needed and do not error if it exists,query
Create archive backup1.tar of all subdirectories of the current directory,editor
Search for mystring in all *.txt files under current directory,query
find directories that are directly under $workspace_ts directory (no-subdirectories) and were modified more than 30 days ago,query
Forward all connections to client localhost 3307 via the SSH tunnel to gateway and then connect to host 1.2.3.4 to port 3306,query
find all normal/regular files in current folder and display them in sorted order,query
"Run command, pausing and waiting for user interaction after each page of output.",query
find all image.pdf files/directories under ./polkadots,query
"Search the current directory tree for files named somename, case insensitive",query
find all *.php (case insensitive) and *.js files (case insensitive) under /home/jul/here excluding  /home/jul/here/exclude/* paths,query
move all files in the current folder another folder and do not move the files in the sub folder,editor
Split $file into files with at most 1000 lines each and use a prefix length of 5,query
Suffix all files and folders in the current directory with _SUF,query
Rename files from the current directory tree to the ASCII standard,editor
find files in the current directory tree that have one link,query
Renames all *.html files in a folder directory to *.txt files.,query
Print time required to get line number 50000000 from text file myfile.ascii.,query
find all files whose names do not begin with zsh on ext3 file systems,query
"display current system's kernel name, kernel release and version, and machine architecture",query
display long listing of all the files/directories owned by the user me under /tmp directory tree,query
find all empty files in the current directory ( empty file = size 0 bytes ),query
Recursively change the group ownership to laravel in ./storage,editor
Print found if blah contains the hex byte string \xCA\xFE\xBA\xBE,query
Read a line from standard input into variable REPLY with prompt $1 ([y]es or [N]o):,query
Prints all business days in a current month.,query
Removes all files but $1 newest ones from current folder.,query
remove all the .core files in the file system,editor
Count all directories in maximum 1 level down the current directory,query
find all the .flac files in the current folder and convert them to mp3 with 160k bit rate,query
extract passwd.tar.gz with verbose output,editor
display long listing of all the empty files in the current folder,query
display the 5 smallest files in the current directory and its sub-directories.,query
Counts all files in a current folder and subfolders.,query
Print the names and sizes of all regular files from the current directory tree,query
recursively look for files ending in either .py or .py.server,query
Mount the vboxsf filesystem myFileName on ~/destination,query
"Execute ps -mo pid,tid,%cpu,psr -p \`pgrep firefox\` every half second displayed with no title and highlighting the differences",query
"find files that end in .gz and execute awk -F, $1 ~ /F$/'"" on their unzipped contents",query
find all files with space in their names under current directory,query
find all files whose names begin with Makefile in the /usr/ports directory tree and count the number of lines in them containing ^M,query
Search the current directory tree for TXT files skipping hidden ones,query
Remove all *.mp3 files in tmp directory but not in it's subdirectories,editor
find all *shp* directories under current directory and move all regular files inside those directories to ../shp_all/,editor
find all files under /somefolder matching the pattern expanded by $FILE_PATTERN in thier names,query
Forward all connections to client localhost 3309 via the SSH tunnel to mysql_access_server and then connect to host sqlmaster.example.com on port 3306,query
Remove the ^M characters from all *.ext files under /home directory and save the results to new files with _new appended in their names,editor
find files under current directory that are newer than $date_time in regards of modification time,query
Creates temporary file with name formatted like .script.XXXXXX in /tmp/ folder and saves path to it in script2 variable.,query
Recursively removes all files like .DS_Store from current folder.,query
See what files are executable by the file's owner and group,query
display standard input as octal bytes,query
Copy all files that match FooBar in their paths under current directory tree to the ~/foo/bar directory,editor
download content from http://page.that.serves.json.com/json/ and format it as json,query
Search the current directory tree for hidden files,query
Automatically log into SOME_SITE.COM as user YOUR_USERNAME using password YOUR_PASSWORD,query
display all files in a folder,query
search for the host slc02oxm.us.oracle.com in all the xml files in the current folder and display the files which has the matched content,query
find command will display top 5 small files from curent directory . most probably you will get ZERO  bytes files .,query
find all files and directories starting from the current directory and excluding hidden files and directories,query
Print the time to ping 8.8.8.8 followed by a time stamp if the ping is greater than 50,query
Run git pull in every git repository in the current directory,query
Reports count of characters in the value of ${FOO} variable as follows:  length(FOO)==<counted number of characters>,query
find all hidden files under /tmp,query
Print the list of files in the current directory tree excluding those whose paths contain exclude3 or exclude4,query
Count the number of regular files in the current directory tree,query
find all fglrx-libGL* files under and below debian/fglrx/,query
Print lines in foo.txt that are found only once,query
Search for command tail in the maps of the process with PID 2671,query
Print the characters in $b that match with any character in $a without printing any newline,query
find the largest 10 directories under current directory,query
Remove all files whose names start with spam-,editor
Gets IP address of only primary network interface.,query
Read a line from standard input and save response in variable VARNAME,query
find all the normal/regular files in current folder excluding sub directories and hidden folders and display the count,query
rename all the png files to jpg files in the current fodler,editor
Set permissions of all directories under /opt/lampp/htdocs to 711,editor
find all files in the current directory which are bigger than 4MB,query
list all files under the current directory called cookies.txt,query
Run `command' passing the files from the current directory tree as arguments,query
find all directories named files under current directory and set read-write-execute permission for owner and group and no permission for other for those directories,editor
find all files whose filename does not end with *.html.,query
List HTML files starting from the home directory that are 50k at the most,query
find all regular files in the current directory tree and count them,query
Count the number of regular files in directory tree ${DIRECTORY} that contain a vowel in their names,query
Truncate all regular files under the current directory,editor
search all jpg files in current folder,query
Search the current directory tree for regular files whose names end in log,query
Counts lines in each *.php file sorted by file path.,query
search for files having python in filename,query
List environment variables whose name contains X,query
Count the number of files named job.history under /data/SpoolIn directory tree that match FAIL in their contents,query
Copy all files in current directory that do not match */not-from-here/* in their paths to /dest,editor
Unzip every .gz file in the current directory,query
Replace all occurrences of foo (case insensitive) with bar in all *.css (case insensitive) files under %s directory,editor
Saves state of shell option nullglob in an old_nullglob variable.,query
Search the /var/www/ tree for files not owned by user `apache',query
find all directories under /home/mywebsite/public_html/sites/all/modules and set their permission to 750,editor
Count the number of files in the /usr/ports directory tree whose names begin with pkg-plist and which contain unexec.rmdir%D,query
Search appended data in logfile.log for something with a timeout of 3 seconds,query
Delete all directories in minimum 2 levels down the root directory,editor
find all files under current directory and show their file information,query
Create a symbolic link named /usr/local/bin/subl to /Applications/Sublime Text 2.app/Contents/SharedSupport/bin/subl,editor
"add read,write permissions to all the files in the current folder which have the permission 600",editor
Create a symbolic link named $1/link to the existing full and real path of $2,editor
"find all the cpp(C++ source files), java, header files in the current directory",query
find and show all files on the system that are larger than 900 MB,query
Print the names of the subdirectories of /usr/local/svn/repos/ prepending /usr/local/backup to them,query
find *.java files under current directory and compress them to myfile.tar,editor
Sort numerically and compare files ruby.test and sort.test,query
find files not matching shell pattern */vendor/*,query
Trim leading and trailing whitespace from variable var.,query
Write the standard output and error of ls to standard output and /tmp/ls.txt,editor
Compress regular files in the current directory tree that were last modified more than 7 days ago,editor
display a long listing of the files in current folder which have been modified in the last 60 minutes,query
Delete all files in the /myDir directory tree that were last modfied 7 days ago,editor
"Prints the PID, PGID and command name of the process with the name test every second",query
find all c & c++ files in the current directory and save output names to another file,query
Unzip and extract *\(userAgent=[^=]*\) [^ =]\+=.* from input.gz,editor
Show the files or directories in the current directory whose names are not MyCProgram.c,query
Search for the case insensitive regex expanded by $2 in all files named $1 (to be expanded) under current directory,query
"List in detail all *.txt files in the current directory tree, omitting paths ./Movies/*, ./Downloads/*, and ./Music/*",query
find regular files modified less than 14 days ago stripping ./ from each file name,query
find all files/directories under /path directory that were modified more than 30 minutes ago,query
find all php files in the folder  /var/www/,query
grep from bottom of file,query
List file contents of compressed file $i,query
find empty files and directories,query
find the most recently changed files in a subtree,query
Print the first 2 lines of tree's help message by redirecting it from standard error to standard output,query
find all *.mp3 files under current directory and run mplayer with these files,query
display list of all the hidden files in the folder $HOME/projects/ and save the output to the file foo.txt,query
List all cron jobs where the minute part is either * or a number from 0 to 14.,query
Remove all the versioned-but-empty directories from a Subversion checkout under current directory,editor
List files/directories at least three levels down the directory tree,query
search for the file process.txt in the current directory,query
Create script filesPermissions.sh that restores the original permissions of the regular files in the current directory tree,editor
Archive /top/a/b/c/d to host remote using relative path names,query
Remove duplicate lines in file_name and print the output on stdout,editor
display all files in current directory discard any errors and save the output to a file,query
Show all of the .conf files in Pat's user folder and subdirectories using the less pager,query
display the last 3 characters of variable foo.,query
Create symlinks to all  /home/folder2/*.txt files with the same name in current directory,editor
Search the current directory tree for file a.txt,query
find all foo.mp4 files in the current directory tree and print the pathnames of their parent directories,query
"Search all PDFs from the current directory tree for keyword, ignoring the case",query
find all *.php (case insensitive) files and *.js files/directories (case insensitive) under /home/jul/here excluding /home/jul/here/exclude/* paths,query
"Overwrites file filename with random content 35 times, finally writes it with zeros, truncates and deletes.",query
Create a symbolic link named ~/bin/subl to /Applications/Sublime Text.app/Contents/SharedSupport/bin/subl,editor
find files larger than 50k,query
Print common lines in sorted files ignore.txt and input.txt,query
Gets IP address of first listed network interface in system.,query
find all directories under /home/username/public_html/themes and set their permission to 750,editor
Recursively finds all bzip2 compressed files in a current folder and decompresses them.,query
Search the current user's home directory and its sub-directories for any file that was modified less than 2 days ago or was modified after filename was last modified.,query
find all the xml files in a directory and pass it as an argument to a jar (parallel is used to achieve parallel processing),query
List all files from the current directory tree that were modified less than 60 minutes ago,query
delete all empty files in the current directory ( empty file = size 0 bytes ),editor
extract the content of the file large.csv.gz and split it into pieces per 1000 lines named as xxxNNN,editor
Search the /home/www directory tree for regular files,query
Apply script ./group.sed with option --separate to all regular files of the current directory tree,query
find all jar files in current folder and search for a file in all these jar's and display the jar names along with searched file,query
Set 644 permission to all regular files under /home/my/special/folder directory,editor
List all aliencoders.[0-9]+ files/directories under /home/jassi/ directory,query
find all files in the current folder which have not been modified today and whose file name is of length 1,query
"Dump testscript.sh as 2 byte hexadecimale, printable characters, and octal values",query
find all *.so files under current directory and search for mysymbol in their symbol tables,query
Extract tar.gz archive and go into the directory that would normally be created by extracting it.,editor
Execute /some/directory/myprogram ignoring output in the background on target machine user@target,query
search for all the c files in the current folder,query
find all directories recursively starting from / and count them,query
Finds strings with text text in all files named string to be searched recursively in a current folder.,query
Get only the latest version of the file filename under current directory,query
count amount of jobs running,query
find all files/directories with .js extension under current directory tree excluding paths that contain the directory ./directory,query
list all active jobs and its IDs,query
Move all files in the current directory tree that match some_pattern to target_location,editor
find all files/directories under /export/home/someone directory in a remote host (somehost) and upload the files/directories to ftp://somehost/tmp/,query
find all the files in the file system which have been modified in the last 30*24 hours,query
display all the files in the current folder which end with .bash,query
find the core files and  remove them,editor
Search all *.c files from the current directory tree for hogehoge,query
"Run the PHP script yourscript.php, making it immune to SIGHUP signals.",query
find files with 002 permission under /tmp and print them with the string Found world write permissions: printed as the first line of output or print No world writable found if no such files were found,editor
Copy all files with .png (case insensitive) extension under /home/mine directory tree to /home/mine/pngcoppies/copy. directory,editor
display a long listing of all directories under /nas directory tree,query
display all the files in the current folder which hare in the sub directory trees of the folders which begin with the word kt followed by a digit,query
Format $line as a table,query
Convert all characters in standard input to lower case,query
Add a date time stamp to every line of output in ping google.com,editor
Make directory mybuild,query
find all *.mp3 files under current directory and run mplayer with these files,query
display all the files in the folder /home which have the setuid bit enabled,query
find regular files under / that contain stringtofind and clear out their contents,query
find all directories under present working directory,query
search for all html files in current folder folder and create a zip file of all these files,editor
"Recursively removes all empty folders under current path, printing info message on each operation, and suppressing error messages if folder is not empty.",query
"Send SIGTERM signal to all firefox processes, requesting them to terminate.",query
find files in /dir/path/look/up directory that names are dir-name-here,query
Read standard input until a null character is found and save the result in variable f2,query
Set variable GZIP to the full path of command gzip,editor
Archive blanktest/ to test/ deleting any files in the destination not found in the source,query
Creates temporary file with appended suffix .cmd and saves path to it in LGT_TEMP_FILE variable.,query
find all the files that have been modified in the last 1 day ago,query
find all Perl source code files,query
Search the files from the current directory tree for foo,query
Collapse double slashes in variable dir into a single one.,query
Print common files of directory 1 and 2,query
Unzip file.gz to stdout,query
Send a lot of packets to remote.machine on port CLOSED_PORT at 0.1 second intervals,query
find all Makefile's in the current directory tree and print the line 235 of each of them,query
Recursively change /usr/local owner to the current user and group to admin,editor
find all *.gz files/directories under asia and emea directory,query
Continuously print the seconds since Unix epoch and the ping time to google.com,query
List all leaf directories (directories which don't contain any sub-directory) under current directory,query
Print all - separated digits in file infile as dot (.) separated digits,query
Compress the file file with bzip2 and append all output to the file logfile and stdout,editor
Print IP addresses of the host name,query
find all files/directories under whatever and ... directory and copy them to /var/tmp,editor
find all the files in the current folder and display adding quotations to each file,query
find files under /tmp that are larger than 10KB and smaller than 20KB,query
find all gzip files in a folder,query
"Download http://archive.ubuntu.com/ubuntu/pool/universe/s/splint/splint_3.1.2.dfsg1-2.diff.gz, unzip it, and view the output in less",query
Print RDBMS exit code : $RC   to the console and append to ${LOG_FILE},editor
"Set variable MAVEN_DEBUG_OPTS to -Xdebug -Xnoagent -Djava.compiler=NONE -Xrunjdwp:transport=dt_socket,server=y,suspend=y,address=8000 on Windows machines",editor
display all file in the home folder except .c files,query
search for regular files in the current folder which path is not  ./.* and not ./*/.*,query
find all directories named D in the current directory tree and print their parents,query
"find directories in /home/vmail that match pathname */*/Maildir/.LearnAsHam/new, and move them to folder .Inbox/new",editor
find all empty directories in the current one and delete them,editor
find all files on your system that are world writable,query
Prints days since epoch,query
Change permissions of .git/hooks/prepare-commit-msg to 777,editor
find all files that have either a .php or a .js extension,query
search all undo files(ending with .undo) in the current folder and calculate the total size of them,query
Make directory /data/db,query
"Prints calendars of July, 2009 and July, 2010 side-by-side.",query
find all png images in the current folder and convert the to jpg images. print0 is used to handle the files which have new lines in their names,query
save the list of all the core files in the entire file system which belong to the group mycomp to the file mycompcore and delete them,editor
"find files that are writable by the user, the group, or both",query
find all directories under current directory and change their permission to 700,editor
"find all the text files in  the current folder and do not search in somedir, bin directories",query
Execute generate_commands and run the resulting commands in the current shell.,query
Print numbers from 1 to 30 with a leading 0,query
Compress all files not ending in .gz in directory $PATH_TO_LOGS that were last modified more than $SOME_NUMBER_OF_DAYS days ago,editor
Rename all *.jpg files to *.jpg$.jpg files under ../<dirname>  directory by appending the parent directory name at the beginning of their names,editor
find all regular files under /home/www and replace every occurrences of subdomainA.example.com with subdomainB.example.com in those files,editor
find all files/directories starting with app- and ending with .log in their names and have been modified in the last 5 minutes,query
Remove files under /mnt/zip matching *prets copy with confirmation,editor
"Page through the contents of yourFile, adding a $ at the end of each line.",query
List all files under and below the directory given as variable $FULFILLMENT,query
find all the Sticky Bit files whose permission are 551,editor
find all regular files under current directory,query
Change owner to $1 and group to httpd of .htaccess,editor
find all files ending with js.compiled in current folder and rename them.,editor
find all files/directories containing the case insensitive string something' in their names under current directory tree,query
Print the last 10 commands in history,query
"Make 3 directories named ~/Labs/lab4a/folder followed by the number 1, 2, or 3",query
Forward port 12345 bound on localhost to port 12345 on otherHost as user otherUser,query
Create a table from 111 22 3\n4 555 66\n with columns separated by a single space,editor
Generate UUIDs for the files from the current directory tree,query
Perform white space safe deletion of files named core under /tmp,query
display all the regular files in the folder $(FOLDER) which are modified in the last $(RETENTION)*24 hours and excluding hidden files,query
Search directory tree $DIR for *.txt files,query
Print the list of .txt files under and below the current directory,query
find all the files ending with undo in the current folder and calculate the total size of these files,query
Make directories and parents for each file path in somefile.txt excluding the file name,query
Change string searc to replace in all files in directory hierarchy,editor
Extract rpm libstdc++-4.9.2-1.fc21.x86_64.rpm,editor
find regular files named core under /tmp and delete them,editor
find all files that aren't owned by user www-data,query
Unset the DISPLAY variable,query
find the largest original .gz file in the current directory tree,query
Compress all .txt files in the current directory tree with gzip,editor
Execute ls -l every 2 seconds,query
change owner and group of the file /path/to/yourapp to root,editor
Recursively copies src to dest preserving overwriting the existing files.,query
Numerically sort file files by the second - separated value of each line ordered from least value to highest value,query
remove all Foo* files under current dir,editor
List environment variables whose name matches .*X.*,query
"Recursively copy local file/directory /copy/from/path to remote location /copy/to/path on host server, connecting as ssh user user and using identity key file /path/to/your/.pemkey instead of the default in ~/.ssh/",editor
create a hard link as directory named new_hard_link to the directory existing_dir as root,editor
Search for ifconfig in the output of history and print 5 lines that precede and follow,query
"Extract the second-to-last slash-separated path component, ie. 90_2a5 in this case.",editor
Print pathnames of all files in the current directory and below skipping files under SCCS directories,query
Synchronize /path/to/dir_a with files in /path/to/dir_b/ if the files are newer,query
find all files whose names begin with Makefile in the /usr/ports directory tree and count how many of them contain QMAKESPEC,query
find files/directories under /users/tom that matches both the pattern *.pl and  *.pm,query
Convert directory of files from dos to unix,query
find in the entire file system for the file mysql,query
"Recursively copy directories A and D to directory /path/to/target/directory on host anotherhost, connecting as ssh user matching current user on local host, via default TCP port for ssh (22).",editor
Use top to monitor the newest instance of ProgramName.,query
Search for files whose size is between 100 kilobytes and 500 kilobytes,query
Search the current directory tree for files containing needle in their names,query
find all the files in the file system that start with win and searched only in the mounted file systems,query
list all regular files which path is not dir1 or dir2,query
search for all text files in current folder and delete them,editor
search for specified string in all the php files in the current folder,query
find all regular files exclude .o and exclude *.swp and output line number of soc_attach if it has,query
find all files/directories named foo.rb under current directory tree,query
Print a welcome message with the current user's user name,query
Recursively change the owner and group of /workspace and 775 to your_user_name,editor
Create a zip file ($zipFile) of all *.log files under $sourcePath,editor
find all files in the file system whose size is bigger than 3GB,query
"Make directories Labs/lab4a/folder1, Labs/lab4a/myfolder, and Labs/lab4a/foofolder",query
display all files in the current folder which start with met,query
List every directory under current directory with their child executable files,query
find all *$VERSION* files/directories under current directory where $VERSION is a variable,query
list all system calls during process of symbolic link creation process on  /tmp/output.txt file,query
List all directories and subdirectories,query
"Search all regular files from the current directory tree for lines containing California and surfboard, and save the output as SurfsUp.txt",query
List all regular files from the current directory tree that were modified less than 60 days ago,query
find all gif files in the file system,query
Print unique list of who is logged in and the time of login formatted in columns,query
Login to remote system app1 through an ssh gateway system called gw,query
Print the most recently modified file,query
find all the normal/regular files in the folder main-directory,query
Kill screen session 23536,query
Serach in current directory downwards all files which  have not been modified since last 7 days,query
find all *.gz files in the current directory and decompress them using gunzip,editor
find all files with the extension jpg regardless of case,query
Prints week day of a 31 day in a current month.,query
find all files not ending in .html,query
Print lines in file filename that do not match the regex pattern,query
find all the directories with the name uploads in current folder,query
search for files in current folder using name patterns,query
"find all files modified less than 5 minutes ago, and page interactively through the output.",query
"delete recursively, without prompting, any files or directories under the current directory that case insensitively match the filename .svn",editor
Sort content of files file1 and file2 by second of dot-separated fields.,query
List all empty files under the current directory,query
Print the sorted unique column of usernames of users who are currently logged in without the header,query
Search the regular files of the current directory tree for string whatever,query
"display numbers of processes in following states: running, sleeping, stopped, and defunct (zombie).",query
List all files in the /myfiles directory tree,query
Gets domain name from dig reverse lookup and save in variable go.,query
find all files/directories which have been modified within the last day in the drectories/files taken from the glob pattern /tmp/test/*,query
Recursively change owner and group of /usr/local/rvm/gems/ruby-2.0.0-p481/ to the current user,editor
Unhide all hidden files in the current directory,query
create a symbolic link in current directory named my_db to file /media/public/xampp/mysql/data/my_db,editor
find  files which full path name is /tmpfoo/bar under foo directory and print,query
Lists all running tmux sessions.,query
"Remove trailing white spaces from all files under current directory ignoring .git, .svn directories and binary files",editor
Recursively removes all empty folders under current folder.,query
Recursively removes all files and folders named .svn in a current folder.,query
find all the directories in current folder and do not search in sub directories,query
find all hidden files starting from the directory given as variable $FOLDER,query
Search for Stock in all *.java files from the current directory tree,query
Repeat image.png 10 times on a single line,query
search all mp3 files in the folder /home/you which have been modified yesterday (from the start of day 00:00 to 23:59),query
find all files in maximum 2 levels down the current directory,query
find all empty files in /tmp directory .,query
Delete all files/directories with inode number 117672808 under current directory tree,editor
Get virtual private memory use of process,query
Search for .pdf files,query
find all files in the file system which belong to no user or which have no user,query
display all the files in the current folder excluding the files with the name mmm,query
display a long listing of all the xls or csv files in the entire file system,query
Mathematically sum all numbers in file.txt,query
display all files in the folder home which are owned by the group test.,query
search for the file dok.txt in the kat folder and if it sis present then print the echo statement,query
find and remove the file with inode number 782263 in the current directory tree,editor
find all text files in user/directory/ which have been modified today and display the last line of these files,query
List all regular files residing in the current directory tree and containing string /bin/ksh,query
"find all regular files with permissions 777 under and below /home/user/demo/, and change their permissions to 755",editor
find all files/directories named orm.properties under current directory,query
find all HTML files starting with letter a in the current directory and below ignoring the case,query
Change permission to 755 of all files/directories under current directory tree that have 777 permission,editor
"Copies file /boot/config-`uname -r` to the  .config, printing info message and prompting before owerwriting files.",query
find files modified at least 5 days in the future,query
Replace all matches with the regex expanded by $P_FROM with the text expanded by $P_TO in all regular files under current directory not going into subdirectories and modify the files in-place,editor
create symbolic links in directory /usr/local/symlinks  to all files located in directiry incoming and that have been modified earlier then 5 days and owned by user nr,editor
unzip and search for a word in all the jar files in the current folder and display the matched file name,query
Create symbolic links in the current directory for all files excluding CONFIGFILE located in /your/project,editor
Remove all files with names like vmware-*.log from the current directory tree,editor
"Prints list of folders containing .git, searching recursively from a current folder.",query
display all the directories in the folder /var and do not go beyond 2 levels during search,query
"Store info about all mounted file systems, printing all sizes in powers of 1000",query
find all files/directories in entire file system that are exactly 50 bytes,query
list all files under .performance_test directory except .performance_test/prune_me directory,query
find all the normal/regular files in current directory and display file names with new line as delimiter,query
Print only unique lines of file_name file,query
Save number of lines with any-cased merge from $COMMIT_EDITMSG file in MERGE variable,query
Print the lines of file strings specified in file index,query
find files in the current directory tree whose size is less than 24000 bytes,query
find all JPG files under the $SOURCE directory and below,query
find a specfic video file in the current directory,query
find all the files in the file system which have read permission to the user and display the ten files,editor
Adjust the timestamp of file $filename by subtracting 2 hours from it,editor
search for the file .user.log and display its parent directory,query
Exclude directory from find . command,query
Read a line from standard input with prompt Are you alright? (y/n)  and save the response to variable RESP,query
find all regular files in the home directory tree that were modified in the last 24 hours,query
find all files named new under current directory tree and display their contents,query
find all the mp3 files in the entire file system whose size is bigger than 10MB,query
Search for directory foo ignoring case,query
Remove trailing white spaces and replace CRLF with LF in all files under current directory ignoring .git and .svn directories,editor
Copy all files in the current directory except those containing Music to /target_directory.,editor
Set the verbose shell option causing bash to print shell input lines as they are read,query
find files that were modified more than 7 days ago but less than 14 days ago and archive them,query
find .txt files on the system whose size is greater than 12000 bytes,query
Remove all regular files from the current directory tree whose names do not end with ignore1 or ignore2,editor
find all *.py files/directories under current directory,query
Remove trailing white spaces from all *.py files under dir directory (ignoring .git path) and keep backups of the originals,editor
find all instances of a specific file in the current directory and discard all the errors.,query
Search the /var/www/ tree for files owned by root or unknown group and change their group to apache,editor
Set the shell prompt to host:pwd>,query
ask user confirmation and delete all the files in the directory /mydir which have not been accessed in the last 100*24 hours,editor
"List regular files in current directory with read, write and execute permission for all users and also show the permissions",editor
"Recursively removes all files like *.pyc in a current folder, printing info message about each action.",query
delete all the empty directories in the current folder,editor
list all names of the aliases,query
Search /usr/bin for regular files that were last accessed more than 100 days ago,query
Read a single character from standard input with prompt Are you sure?,query
Search the regular files of the current directory tree for string whatever,query
Remount /home/evgeny with the suid flag set,query
find all directories under current directory and change their permission to 644,editor
search for all the files in current folder which start with file2015-0 and move them to another folder,editor
Replace all instances of ; with \n in bla@some.com;john@home.com,editor
Remove all .sh files in the current directory tree whose names begin with new,editor
find recursively all regular files in the current directory whose names contain .,query
search for the file name_to_find in the home folder,query
find files patching pattern,query
display all the files in the home folder that have been modified in the last 7*24 hours,query
Format file list-of-entries.txt with no column delimiter,query
Search for files/directories with the case insensitive pattern anaconda.* in var/log directory and create an archive (somefile.tar) of all the files found,editor
"Reversibly sorts content of the ${TMP}/${SCRIPT_NAME}.kb file, comparing human readable numbers in file strings.",query
display all soft links in current folder,query
find every file under the directory /usr ending in .stat.,query
Force create a symbolc link named new_dir to /other/dir without dereferencing new_dir,editor
"Recursively finds strings with word-1 or word-2 in any file under directory-path, following symlinks, and prints found strings.",query
Decompress and extract libxml2-sources-2.7.7.tar.gz,editor
"finds all directories named CVS, and deletes them and their contents.",query
Gets IP addresses of all network interfaces.,query
find and remove all .txt regular files under the current directory and below,editor
Finds string beginning with IFS in a set output.,query
Measure the disk space taken up by all *.txt files in the current directory tree,query
List the largest file prefixed by its size in bytes of all files under the current directory,query
Search the current directory tree for files whose names do not end in 1 and 2,query
Delete all empty directories in minimum 1 level down the directory directory,editor
"find all *.xml files under current directory, search for <?xml in those files and print the paths of the matched files.",query
find all broken symlinks in maximum 1 level down the $path directory,query
find all the files/directories in /path/to/files directory tree which have not been modified in the last 2 hours,query
Print only alphanumeric values from /dev/urandom,query
find all the html files in the current folder and search for a pattern in these files,query
find all directories in current directory without going into sub-directories,query
find files in home directory that names are game,query
find all hidden regular files under /tmp and below,query
Counts total lines in all *.php files.,query
Prints logged in users in sorted order.,query
"Print unique lines in sorted file A when compared to sorted files B, C, and D",query
Make directories and parent directories as needed of $1 with \r removed,query
Search the current directory tree for symlinks pointing at other symlinks,query
"Removes folderName, and removes all content within if folderName is folder.",query
Prints long listing of file file.ext.,query
Counts lines of command output.,query
"find all files/directories under current directory that match the case insensitive glob pattern {EA,FS}_*",query
Prints total count of lines of all files in a current folder and subfolders.,query
Print the average round trip time of 5 pings to google.com from OSX,query
Unzip and untar tarball.tar.gz,query
find all the links in the directory students and print them. Do not display any errors.,query
calculate the number of bytes of all the files listed in files.txt,query
split file /usr/bin/firefox into pieces per 1000 lines,query
Stores date of last month day in the lastdaymonth variable.,query
Print local files without descending non-local directories,query
Replace all sequence of blank characters in file log with a single occurence of such symbol and print space-separated fields of each string but first two fields,editor
"Allow all users to execute $pathToShellmyShell.sh""'",query
Pipe output of yes to more and append the first 3 lines to file,editor
List all .c and .h files in the current directory tree that contain thing,query
search for the folder .dummy and remove it from the folder Test folder,editor
Print the base name of the current working directory,query
Prints ten latest modified files within the current directory.,query
Search the current directory tree for files and directories with permissions 775,editor
search for bash and rsync files in the entire file system excluding search in /usr folder and discard all the errors,query
run script /PATH/TO/MY_APP as user USER_FOOBAR in background,query
Search the files under and below /directory/containing/files for pattern_to_search,query
compare each C header file in or below the current directory with the file /tmp/master,query
find all regular files that reside in the current directory tree and were last modified more than 2 days ago,query
Run script `fixname.sh' for each regular file from the current directory tree,query
find all regular files on the system whose names are myfile,query
Fint all *.txt files/directories in entire file system without descending to other file system and without error reporting,query
Recursively copy all files and folders in the current directory excluding exclude_pattern to /to/where/,editor
Change the owner to hduser and group to hadoop of {directory path},editor
Print the IP addresses for the current host name,query
Merge already sorted files *.txt and split the result into files of at most 1000000 lines each with a numeric suffix and a prefix output,query
find all normal/regular files in current folder and display the total lines in them,query
find all the files ending with .ini in the current directory.,query
Print the output of history without line numbers,query
"print all filenames of files under current dir containing foo, case-insensitive",query
find all file which have more the 2 hard link,query
Removes all files from current folder but 5 newest ones.,query
find all *.htm files under current directory and print the changed names by appending 3 levels of parent directory names at the beginning and modifying the actual name to dd-nnn format,query
display all files in the current folder,query
Change permissions to 700 for files and directories deeper than the current directory,editor
Print the directory of the full path to the current script,query
Write every two lines in infile on a single line separated by a space,editor
"Show lss detailed output for all files named something""",query
find all files in the current folder which have been modified in the last 24 hours,query
Change permissions to 755 for all subdirectories of the current directory,editor
Delete all files with indoe number $inum under current directory tree,editor
display all the regular/normal files in the entire file system,query
Reattach a session and if necessary detach or  even  create first,editor
find all *.txt files except for those on other file systems,query
Remove regular files whose names match Perl regular expression \w+-\d+x\d+\.\w+$ from the current directory tree,editor
find all files under /home/username/public_html/modules  and set their permission to 640,editor
Copy all files in the current directory tree matching textToSearch to $destination_path,editor
find recursively the latest modified file in the current directory,query
Look for files with the name search under current directory,query
"find all files/directories with my key phrase in their names under current directory, search for my key phrase in all files under current directory and print a sorted and unique list of output",query
Remove all files under current directory,editor
Look for all files whose names match pattern my*,query
Modify and rewrite file replacing the first instance of foo on each line with bar,editor
set alias restart_rails for command kill -9 `cat tmp/pids/server.pid`; rails server -d,query
Format the time string $timestamp according to the format string %Y-%m-%d %H:%M:%S and save the output to variable CDATE,query
search for the file process.txt in the entire file system,query
Pushes current folder to the directory stack.,query
find files/directories in entire file system that were accessed in less than a day ago,query
Delete all files in the $DIR directory that have not been accessed in 5 or more days.,editor
Rename all thumbs directories to thumb in the current directory and 1 level below,editor
calculate the md5sum of the executable file of command cc,query
search for files with the name temp in the /usr folder,query
"Copy file src to dest, except if dest already exists.",editor
Pair side-by-side content of the file and its side-mirrored content,query
find all regular files with .txt extension excluding README.txt files under current directory tree,query
display the long listing detials of all the files in the folder junk which is in home folder.,query
Create a symbolic link named temp to newtarget,editor
display top 11 files along with the last access date for all the files in the file system,query
"Compresses with compression level 9 all files under the current folder but already compressed *.bz2 files, performing in background.",query
search for the regular/normal files iceweasel or thunderbird in the entire file system and exclude search in the paths /export and directories having the word Recommeded in their name,query
Change to location of $TARGET_FILE file.,editor
find files readable only by the group,query
find all files/directories owned by the user bob under /home directory tree,query
calculate the total size of all *.jpg files in the directory tree,query
display all files in current folder and follow the symbolic links and display the pointed file,query
find all directories containing linux in their names under /root directory tree,query
find disk usage of all files inside the directory,query
find all *.csv files under /foo/bar and move them to some_dir,editor
Replace - with 0 in columns 4 and 5 of file test.in and format as a table,editor
find all of the executable files on your computer,query
Extract any line in f1 or f2 which does not appear in the other,editor
Show files in maximum 1 level down the current directory that were modified less than 1 day ago from today,query
find all regular files in the current directory tree ignoring directory ./source/script,query
Remove trailing white spaces from all files under current directory ignoring directories wtih *.git* (case insensitive) in their paths and keep backups of the originals,editor
find all the regular/normal files ending with .mod in a folder and send them as input to the remodup command,query
find for all *.txt files/directories in vfat file systems,query
ssh into ssh.myhost.net as user myusername and run command mkdir -p $2,editor
"Print chmod commands that can change permissions of regular files residing in the current directory tree to u=rw,g=r,o=",editor
find all files in $dir directory without going into sub-directories,query
create a compressed archive in my_dir directory matching .[^.]* ..?* glob pattern,editor
create a symbolic link with absolute path /cygdrive/c/Program Files to file /cygdrive/c/ProgramFiles,editor
find all empty regular files in the current directory and below,query
List all the file links,query
"Traverse the filesystem just once, listing setuid files and directories into /root/suid.txt and large files into /root/big.txt.",query
Change permissions to 0755 for all directories in the /path directory tree,editor
List characters from standard input showing backslash escapes for non-displayables,query
Stores system load average number in the proc_load_average variable.,query
Print file type of the command c++,query
Print the first word followed by the rest of the line formatted to fit in 100 characters for every line in input,query
get all files in a current directory modified in the last 7 days,query
find all files/directories named top in the entire filesystem,query
"Creates temporary folder in TMPDIR (if defined) or in /tmp/, and stores path to created folder in tmpdir variable.",query
Write list of missing files in Subversion repository to file removedProjs.,editor
find all the files that have been modified exactly 1 day ago,query
display all text files in the current folder,query
find files in the current directory recursively that are not readable by all,query
"Displays calendar of a previous, current and next month for December of 2120 year.",query
"find all the normal/regular files in the folder pathfolder which are 2 levels deep, excluding all hidden files and display the count",query
List all file details with filenames matching *2012*.xml from serveripaddress::pt/dir/files/ listening on port 111 and write to output.txt,editor
find all the files in the current folder which have been changed in the last 60 minutes,query
change the permission of all the php files in the folder /var/www/ to 700,editor
find .rm files in the /home/me/download/ directory tree and convert them to the MP3 format,query
Show the number of lines for each .php and .phtml file in the current directory tree,query
"Connect to host hostname as user username, automatically add the host key to the list of known hosts, and execute pwd; ls non-interactively",editor
"Output stuff, removing /foo/bar/ from the specified path.",query
Search the current directory for files whose names start with my,query
Read two bytes from /dev/urandom and print them as an unsigned integer,query
find all files in the current directory and sub-directories that were modified after the /etc/passwd file was modified,query
Print contents of file as space separated hexadecimal bytes on a single line,query
Create a symbolic link relative to link location named $dest_dir/$orig_name to $orig_dest,editor
Search all Python files in the current directory tree for string import antigravity,query
display the contents of  all the regular files in a folder in the sorted order of their depth,query
Move all 10*jpg files under /path to 2010*jpg files under the same directory,editor
"Archive key.pub to directory .ssh in user's home directory on host specified by first parameter to function or script, using ssh to connect on port specified by second parameter to function or script, compress data during transmission.",editor
Prints total count of lines of all *.py files in a current folder and subfolders.,query
SSH into hostname on port 22 as user myName,query
Enables shell option nocaseglob.,query
Recursively changes group ownership of everything within /git/our_repos to shared_group.,query
"Print a minimal set of differences between files in directories a and b, ignore the first 3 lines of output, and print any line starting with - with the first character removed",query
display all the files in the entire file system,query
Remove files matching pattern *-*x*.* from the current directory tree,editor
find files which do not have all permissions to all the users in the current directory,editor
find all directories in level 1 down the $queue directory,query
Recursively copy all .txt files to user@remote.machine:/tmp/newdir/,editor
find all files named `file1' on the system,query
run command set -a; . /path/to/nullmailer-vars; set +a; /usr/sbin/logcheck with a bash as user root,query
Search for hidden files non-recursively,query
display the name of all directories in the current folder and do not search in sub directories ( mindepth ensures that the current folder name is removed from the output),query
Finds file Subscription.java and changes to containing folder.,query
dispaly all the empty regular/normal files in the current folder,query
Search the current directory tree for files and directories whose names do not end in exe and dll,query
Return the list of files named filename that are 50 megabytes or larger,query
Remove trailing white spaces from all files under current directory ignoring .git and .svn directories,editor
Recursively copy all (non-hidden) files and directories in current dir except foo to location specified by variable other,editor
replace a word in all the regular/normal files in the current folder,editor
Write output of command to standard output and append to /path/to/logfile,editor
Finds IP address of en0 network interface.,query
"Lists all subdirectories in a current folder, removing trailing slash.",query
find files named ppp.conf in the /etc directory tree,query
Delete all shared memory and semaphores for the current user on linux,editor
"From a script, output the name of the script itself, without containing directories.",query
Remove all CVS directories from the current directory tree,editor
find files in the current directory tree whose size is 24000 bytes,query
search for the directory mysql in the /etc folder,query
Remove trailing white spaces from all *.rb files under current directory,editor
Sort strings of test.txt file by second from the end field,query
create directory es if it is not exist and create direcoty LC_MESSAGES,editor
find all jpg files in the current folder,query
Merge colon-separated information from file1 and file2 where first field of both files matches,query
Change the owner of all files in /empty_dir/ to root using at most 10 files at a time,editor
Save number of lines in file.txt file in nbLines variable,query
Locate logo.gif in the /var/www directory tree,query
find all files under /home/username/public_html/sites/all/themes and set their permission to 640,editor
Run command program as the current user,query
find all files/directories with inode number 16187430 and move them to new-test-file-name,editor
Print test=hello world,query
find recursively all files changed within the last 5 minutes starting from directory b,query
Move all *.log files under $sourcePath that were modified more than 10 days ago to a zip archive $zipFile with only file names (not full path),editor
Generates a randomly sorted list of numbers from 1 to 10.,query
change group of the file /var/lib/php/session  to group lighttpd,editor
"find all the text files in  the current folder and do not search in somedir, bin directories",query
Forcefully delete all files in the current directory that begin with spam-,editor
Set permissions of all directories under /opt/lampp/htdocs to 755,editor
Archive source to destination via ssh on port PORT_NUMBER,query
Search for all files in the current directory recursively whose names end with Linkin Park,query
find all files with .conf extension under /etc directory tree that have been modified in the last 30 minutes,query
Delete all lines matching some string here in yourfile,editor
"find files containing `blah' in their names modified less than 2 days ago, case insensitive",query
list all the files in the file system excluding proc folder and excluding symbolic links which have write permission for the user,editor
Set environment variables using assignments are listed in .env file and run rails command with defined environment,query
set alias : for command xargs -I{},query
find files and directories in the /tmp/ tree that contain spaces in their names and replace those spaces with underscores,editor
find all the files that have been changed today,query
Replace all occurrence of subdomainA.example.com with subdomainB.example.com in all files under the current directory and below ignoring SVN files,editor
display long list of all the perl files in the current folder,query
find the file fluidpoint in the file system and discard all the errors,query
SSH into server server.com as user remote_user,query
Remove all *.log files from the current directory tree,editor
"calculate the SHA1 sum for the contents of the path/to/folder directory tree, including permissions",editor
display a sorted count of all the characters in filename,query
"Isolate first comma-delimited field of each line in file, discard consecutive duplicates, and search file for first matching occurrence of that field.",query
find all regular files under $d directory tree and change their permissions to 777,editor
Print the output of history without line numbers,query
find all the files that have not been modified in the last (24*7) hours.,query
find files in the current directory tree which have permissions rwx for user and rw for group and others,editor
List all files without descending into subdirectories,query
find all files in the file system which belong to the user pat and having the word filename in their name.,query
Unsets random one from first four array members.,query
Print command line of process with pid 17709,query
Repeat image.png 10 times on a single line,query
Send one ping request to local machine.,query
Search the /usr/bin directory tree for regular files accessed more than 100 days ago,query
Move all hidden files in /path/subfolder/ to /path/,editor
Read a line from standard input with prompt Enter your choice:  and save response to variable choice,query
search for all the non-hidden files in the current directory and do not search in the subfolders and dispaly their name and size.,query
Select everything selected by * without descending into any directories,query
"Make directories ~/foo/bar/baz, ~/foo/bar/bif, and ~/foo/boo/bang as needed",query
Pipe the output of program1 to both program2 and program3,query
find all the text files present in the current directory excluding the search in certain paths.,query
Remove all files last modified more than 10 days ago from the current directory tree,editor
"Finds pattern text ignoring letter case in all .js files, prints matched strings and name of file with that strings.",query
List all files/directories under current directory,query
find files with a question mark in their names and save the output as a file,query
find all the files whose name is FindCommandExamples.txt and contains both capital and small letters in / directory,query
find *log files/directories within a maximum of 3 levels of directories,query
list regular file which file name end with *.c or *.sh in current directory,query
find all files/directores under /etc filter them by searching for test in their name and run the file command on each of them,query
List files larger than 10MB under /var/log /tmp that haven't changed in a month,query
find *.html files in the current directory tree that were modified 7 days ago,query
search for all the directories in the current folder and run the print command in the searched folder,query
Search the current directory tree for .VER files,query
"show a count of the number of filenames ending in .txt in the current directory, without descending into sub-directories",query
find all the files starting with config in the folder Symfony ( case insensitive search),query
find all files under current directory and replace the match of the regex ^.*/S with S in every line of the output,editor
find all files with name ending with .txt and display only the filenames without full paths,query
find all read only files in  /home directory,query
search for a string in gzip'd files,query
Returns unsuccessful exit code on each found file like *tests* within current directory.,query
Forcibly removes ${temp} file.,query
print all readline bindings,query
Wrap each line in yourfile to fit in 79 characters and right pad any lines shorter with spaces,query
"set alias memu for command ps -u $(whoami) -o pid,rss,command | awk {print \$0}{sum+=\$2} END {print \Total\, sum/1024, \MB\}'""",query
Search for the string magic in all regular files under current directory tree and display long listing of them,query
change owner and group of the file it to user and group root,editor
"Get the processors addressing bus width from the output of lshw, ie. 64 bits"".",query
display the named characters in line1\r\nline2,query
find all files/directories in directories/files taken from the glob pattern /tmp/test/* that were modified within the last day (day counted from today),query
List (in long list format with inode number) the file under the current directory that has the oldest modification time,query
find all the SUID files in the current directory tree,query
Print a list of all duplicate case insensitive file paths in the current directory tree,query
find all files that have the SUID bit set,query
List all files and sub directories including hidden files in the current directory tree,query
Assign the alias rm2g to a find command that removes any .tar file larger than 2 gigabytes.,query
"find foo, Foo, FOo, FOO, etc., but only files",query
find all *.dbf files/directories in entire file system discarding errors and print their sorted and unique parent directory paths,query
Force create a hard link in /usr/local/bin to findpdftext,editor
Copies src to dest preserving overwriting the existing files.,query
Count all the lines of code in all php files in current directory recursively,query
"Send one ping request to host with local address in the 10.0.0.x range, with last number specified by variable i, waiting 1 second for a reply, and output only lines containing from to standard output.",query
Insert | every 30 characters in file longline,editor
find all the pdf files in a folder which start with a specific name and display them in the sorted order of their time stamps,query
display all the files in the home folder which begin with arrow,query
search for the file test.txt in the folders /home and /opt,query
SSH into user@server and run command ${SSH_COMMAND},query
Do a dry run of renaming file extension .andnav to .tile for all files/directories under current directory tree,query
Archive directory symdir to symdir_output preserving symbolic links.,query
Split file afile into parts as of two lines per each and compress each part with bzip2,editor
Gets IP address of en1 network interface.,query
"Rename file.txt in directories v_1, v_2, and v_3 each to v_1.txt, v_2.txt, and v_3.txt respectively and print the conversion",editor
Replaces any occurences of *favicon.ico* in any subfolder with file /root/favicon.ico.,query
Recursively lists all *.py and *.html files in a current folder.,query
Move all *.pdf.marker files and their corresponding *.pdf files under ${INPUT_LOCATION} to ${OUTPUT_LOCATION},editor
find all files under current directory,query
Copy current working directory to clipboard,editor
find files/directories modified within the last day under /etc,query
Replace sequential tabs with a single space in thefile.txt and write to the_modified_copy.txt,editor
Export variable PS1 as the current username @ the hostname,query
Create a compressed archive named my_directory.tar.gz with files inside directory my_directory without including the directory entry my_directory itself,editor
Print the list of files and directories of the current directory,query
Save IP addresses of the host name in variable ip,query
"Creates full path with parents, that matches to folder path extracted from $f variable.",query
Take a file path from standard input and remove it.,editor
display all the directories in the current folder which are atleast one level deep,query
find all the files in the entire file system which have been modified in the last 5 days,query
Copy the executable python2.7 in $PATH to myenv/bin/python,editor
find all build* directories under /var/www/html/ and reverse sort them,query
find all Read Only files,query
Show all files that have not been accessed in the $HOME directory for 30 days or more,query
Delete all hidden files under $some_directory,editor
"find files that are writable by the user, the group, or both",query
find & calculate total number of worlds in all .txt file from current directory,query
Set the exit code($?) to 0.,query
sort and display top 11 files along with the last access date for all the files in the file system ( sort based on the timestamp ),query
